{"cameraMode":{"drawMode":0,"name":"Shaded","section":"Shading Mode"},"sceneLighting":false,"audioPlay":false,"sceneViewState":{"m_AlwaysRefresh":false,"showFog":true,"showSkybox":true,"showFlares":true,"showImageEffects":true,"showParticleSystems":true,"showVisualEffectGraphs":true,"m_FxEnabled":false},"in2DMode":false,"pivot":{"x":23.799339294433595,"y":2.3380212783813478,"z":-13.446870803833008},"rotation":{"x":0.048076827079057696,"y":-0.7032793164253235,"z":0.04777011647820473,"w":0.7079837322235107},"size":0.4859450161457062,"orthographic":false}