{"cameraMode":{"drawMode":0,"name":"Shaded","section":"Shading Mode"},"sceneLighting":false,"audioPlay":false,"sceneViewState":{"m_AlwaysRefresh":false,"showFog":true,"showSkybox":true,"showFlares":true,"showImageEffects":true,"showParticleSystems":true,"showVisualEffectGraphs":true,"m_FxEnabled":false},"in2DMode":false,"pivot":{"x":22.350116729736329,"y":2.885279655456543,"z":-12.855368614196778},"rotation":{"x":0.1935899406671524,"y":-0.13986900448799134,"z":0.027890656143426896,"w":0.9708980917930603},"size":1.4812403917312623,"orthographic":false}