{"cameraMode":{"drawMode":0,"name":"Shaded","section":"Shading Mode"},"sceneLighting":false,"audioPlay":false,"sceneViewState":{"m_AlwaysRefresh":false,"showFog":true,"showSkybox":true,"showFlares":true,"showImageEffects":true,"showParticleSystems":true,"showVisualEffectGraphs":true,"m_FxEnabled":false},"in2DMode":false,"pivot":{"x":23.358707427978517,"y":1.8362832069396973,"z":-10.354314804077149},"rotation":{"x":0.1935899406671524,"y":-0.13986900448799134,"z":0.027890656143426896,"w":0.9708980917930603},"size":2.727461099624634,"orthographic":false}